prot_hit_num,prot_acc,prot_desc,prot_score,prot_mass,prot_matches,prot_matches_sig,prot_sequences,prot_sequences_sig,pep_query,pep_rank,pep_isbold,pep_isunique,pep_exp_mz,pep_exp_mr,pep_exp_z,pep_calc_mr,pep_delta,pep_miss,pep_score,pep_expect,pep_res_before,pep_seq,pep_res_after,pep_var_mod,pep_var_mod_pos,pep_summed_mod_pos,pep_local_mod_pos
1,"CH60_HUMAN","60 kDa heat shock protein, mitochondrial OS=Homo sapiens GN=HSPD1 PE=1 SV=2",1176,61016,27,27,17,17,11,1,1,0,417.1822,832.3498,2,832.3828,-0.0329,0,45.35,0.03,K,APGFGDNR,K,"",,,
1,"CH60_HUMAN","60 kDa heat shock protein, mitochondrial OS=Homo sapiens GN=HSPD1 PE=1 SV=2",1176,61016,27,27,17,17,12,1,1,1,422.7433,843.4720,2,843.5066,-0.0346,0,45.74,0.035,K,VGEVIVTK,D,"",,,
1,"CH60_HUMAN","60 kDa heat shock protein, mitochondrial OS=Homo sapiens GN=HSPD1 PE=1 SV=2",1176,61016,27,27,17,17,15,1,1,1,451.2499,900.4853,2,900.5280,-0.0428,0,51.95,0.008,K,LSDGVAVLK,V,"",,,
1,"CH60_HUMAN","60 kDa heat shock protein, mitochondrial OS=Homo sapiens GN=HSPD1 PE=1 SV=2",1176,61016,27,27,17,17,16,1,1,1,456.7806,911.5467,2,911.5804,-0.0337,0,59.00,0.0011,K,VGLQVVAVK,A,"",,,
1,"CH60_HUMAN","60 kDa heat shock protein, mitochondrial OS=Homo sapiens GN=HSPD1 PE=1 SV=2",1176,61016,27,27,17,17,21,1,1,1,480.7447,959.4748,2,959.5036,-0.0288,0,45.33,0.035,R,VTDALNATR,A,"",,,
1,"CH60_HUMAN","60 kDa heat shock protein, mitochondrial OS=Homo sapiens GN=HSPD1 PE=1 SV=2",1176,61016,27,27,17,17,24,1,1,1,595.7855,1189.5565,2,1189.6012,-0.0447,0,56.55,0.0022,K,EIGNIISDAMK,K,"",,,
1,"CH60_HUMAN","60 kDa heat shock protein, mitochondrial OS=Homo sapiens GN=HSPD1 PE=1 SV=2",1176,61016,27,27,17,17,25,1,1,1,603.7720,1205.5294,2,1205.5962,-0.0668,0,59.52,0.001,K,EIGNIISDAMK,K,"Oxidation (M)",0.00000000010.0,,
1,"CH60_HUMAN","60 kDa heat shock protein, mitochondrial OS=Homo sapiens GN=HSPD1 PE=1 SV=2",1176,61016,27,27,17,17,26,1,1,1,608.3099,1214.6052,2,1214.6507,-0.0455,0,73.21,4.6e-05,K,NAGVEGSLIVEK,I,"",,,
1,"CH60_HUMAN","60 kDa heat shock protein, mitochondrial OS=Homo sapiens GN=HSPD1 PE=1 SV=2",1176,61016,27,27,17,17,27,1,1,1,617.2857,1232.5569,2,1232.5885,-0.0316,0,80.63,8.5e-06,K,VGGTSDVEVNEK,K,"",,,
1,"CH60_HUMAN","60 kDa heat shock protein, mitochondrial OS=Homo sapiens GN=HSPD1 PE=1 SV=2",1176,61016,27,27,17,17,31,1,1,1,672.8375,1343.6605,2,1343.7085,-0.0480,0,64.38,0.00033,R,TVIIEQSWGSPK,V,"",,,
1,"CH60_HUMAN","60 kDa heat shock protein, mitochondrial OS=Homo sapiens GN=HSPD1 PE=1 SV=2",1176,61016,27,27,17,17,34,1,1,1,714.8884,1427.7623,2,1427.8058,-0.0435,0,64.52,0.00029,R,GVMLAVDAVIAELK,K,"",,,
1,"CH60_HUMAN","60 kDa heat shock protein, mitochondrial OS=Homo sapiens GN=HSPD1 PE=1 SV=2",1176,61016,27,27,17,17,35,1,1,1,714.8938,1427.7730,2,1427.8058,-0.0327,0,72.61,4.4e-05,R,GVMLAVDAVIAELK,K,"",,,
1,"CH60_HUMAN","60 kDa heat shock protein, mitochondrial OS=Homo sapiens GN=HSPD1 PE=1 SV=2",1176,61016,27,27,17,17,36,1,1,1,722.8849,1443.7552,2,1443.8007,-0.0455,0,75.19,2.5e-05,R,GVMLAVDAVIAELK,K,"Oxidation (M)",0.00100000000000.0,,
1,"CH60_HUMAN","60 kDa heat shock protein, mitochondrial OS=Homo sapiens GN=HSPD1 PE=1 SV=2",1176,61016,27,27,17,17,37,1,1,1,722.8934,1443.7722,2,1443.8007,-0.0285,0,72.57,4.5e-05,R,GVMLAVDAVIAELK,K,"Oxidation (M)",0.00100000000000.0,,
1,"CH60_HUMAN","60 kDa heat shock protein, mitochondrial OS=Homo sapiens GN=HSPD1 PE=1 SV=2",1176,61016,27,27,17,17,39,1,1,1,752.8643,1503.7141,2,1503.7490,-0.0349,0,89.56,8.9e-07,K,TLNDELEIIEGMK,F,"",,,
1,"CH60_HUMAN","60 kDa heat shock protein, mitochondrial OS=Homo sapiens GN=HSPD1 PE=1 SV=2",1176,61016,27,27,17,17,40,1,1,1,760.8461,1519.6777,2,1519.7439,-0.0662,0,88.82,1e-06,K,TLNDELEIIEGMK,F,"Oxidation (M)",0.0000000000010.0,,
1,"CH60_HUMAN","60 kDa heat shock protein, mitochondrial OS=Homo sapiens GN=HSPD1 PE=1 SV=2",1176,61016,27,27,17,17,45,1,1,1,640.3281,1917.9625,3,1918.0636,-0.1010,0,101.50,4.3e-08,K,ISSIQSIVPALEIANAHR,K,"",,,
1,"CH60_HUMAN","60 kDa heat shock protein, mitochondrial OS=Homo sapiens GN=HSPD1 PE=1 SV=2",1176,61016,27,27,17,17,46,1,1,1,960.0327,1918.0509,2,1918.0636,-0.0127,0,87.34,1.1e-06,K,ISSIQSIVPALEIANAHR,K,"",,,
1,"CH60_HUMAN","60 kDa heat shock protein, mitochondrial OS=Homo sapiens GN=HSPD1 PE=1 SV=2",1176,61016,27,27,17,17,48,1,1,1,1019.5106,2037.0067,2,2037.0153,-0.0087,0,52.42,0.0031,R,IQEIIEQLDVTTSEYEK,E,"",,,
1,"CH60_HUMAN","60 kDa heat shock protein, mitochondrial OS=Homo sapiens GN=HSPD1 PE=1 SV=2",1176,61016,27,27,17,17,51,1,1,1,1057.0537,2112.0929,2,2112.1323,-0.0394,0,115.78,1.4e-09,R,ALMLQGVDLLADAVAVTMGPK,G,"",,,
1,"CH60_HUMAN","60 kDa heat shock protein, mitochondrial OS=Homo sapiens GN=HSPD1 PE=1 SV=2",1176,61016,27,27,17,17,52,1,1,1,1065.0399,2128.0653,2,2128.1272,-0.0619,0,71.79,3.7e-05,R,ALMLQGVDLLADAVAVTMGPK,G,"Oxidation (M)",0.001000000000000000000.0,,
1,"CH60_HUMAN","60 kDa heat shock protein, mitochondrial OS=Homo sapiens GN=HSPD1 PE=1 SV=2",1176,61016,27,27,17,17,54,1,1,1,1073.0477,2144.0809,2,2144.1221,-0.0412,0,92.82,2.8e-07,R,ALMLQGVDLLADAVAVTMGPK,G,"2 Oxidation (M)",0.001000000000000001000.0,,
1,"CH60_HUMAN","60 kDa heat shock protein, mitochondrial OS=Homo sapiens GN=HSPD1 PE=1 SV=2",1176,61016,27,27,17,17,58,1,1,1,789.1062,2364.2968,3,2364.3264,-0.0296,0,55.53,0.0011,R,KPLVIIAEDVDGEALSTLVLNR,L,"",,,
1,"CH60_HUMAN","60 kDa heat shock protein, mitochondrial OS=Homo sapiens GN=HSPD1 PE=1 SV=2",1176,61016,27,27,17,17,59,1,1,1,1183.1570,2364.2994,2,2364.3264,-0.0270,0,65.46,0.00011,R,KPLVIIAEDVDGEALSTLVLNR,L,"",,,
1,"CH60_HUMAN","60 kDa heat shock protein, mitochondrial OS=Homo sapiens GN=HSPD1 PE=1 SV=2",1176,61016,27,27,17,17,60,1,1,1,789.1094,2364.3063,3,2364.3264,-0.0201,0,94.59,1.3e-07,R,KPLVIIAEDVDGEALSTLVLNR,L,"",,,
1,"CH60_HUMAN","60 kDa heat shock protein, mitochondrial OS=Homo sapiens GN=HSPD1 PE=1 SV=2",1176,61016,27,27,17,17,62,1,1,1,828.1322,2481.3748,3,2481.3942,-0.0194,0,47.53,0.0064,R,TALLDAAGVASLLTTAEVVVTEIPK,E,"",,,
1,"CH60_HUMAN","60 kDa heat shock protein, mitochondrial OS=Homo sapiens GN=HSPD1 PE=1 SV=2",1176,61016,27,27,17,17,64,1,1,1,854.0588,2559.1545,3,2559.2413,-0.0868,0,75.15,1.1e-05,K,LVQDVANNTNEEAGDGTTTATVLAR,S,"",,,
2,"CH60_CAEEL","Chaperonin homolog Hsp-60, mitochondrial OS=Caenorhabditis elegans GN=hsp-60 PE=1 SV=2",135,60064,3,3,2,2,11,1,0,0,417.1822,832.3498,2,832.3828,-0.0329,0,45.35,0.03,K,APGFGDNR,K,"",,,
2,"CH60_CAEEL","Chaperonin homolog Hsp-60, mitochondrial OS=Caenorhabditis elegans GN=hsp-60 PE=1 SV=2",135,60064,3,3,2,2,39,1,0,1,752.8643,1503.7141,2,1503.7490,-0.0349,0,89.56,8.9e-07,K,TLNDELELIEGMK,F,"",,,
2,"CH60_CAEEL","Chaperonin homolog Hsp-60, mitochondrial OS=Caenorhabditis elegans GN=hsp-60 PE=1 SV=2",135,60064,3,3,2,2,40,1,0,1,760.8461,1519.6777,2,1519.7439,-0.0662,0,88.82,1e-06,K,TLNDELELIEGMK,F,"Oxidation (M)",0.0000000000010.0,,
